channel_id,class,test_points,anomaly_points,ae_precision,ae_recall,ae_f1,ae_adjusted_precision,ae_adjusted_recall,ae_adjusted_f1,ae_roc_auc,ae_threshold,if_precision,if_recall,if_f1,if_adjusted_precision,if_adjusted_recall,if_adjusted_f1,if_roc_auc,if_threshold
SMAP,aggregate,427617,54696,0.17736637802329053,0.01086002632733655,0.020466879145490568,0.885059868997455,0.3878528594412754,0.5393504099663129,0.4038830411386509,0.03208381758630276,0.10667169242367132,0.005174052947199064,0.009869396153376694,0.9256727090259048,0.5396372678075179,0.6818045321198402,0.612336702925375,0.6278463720577966
